validity,qed,sa,rings_n,uniqueness,novelty,recovery,pains,ra,rmsd,sc_rdkit_7,sc_rdkit_8,sc_rdkit_9,sc_rdkit_mean
90.875,0.6552203697010559,3.169792114211677,0.3081155433287483,97.24896836313619,44.01650618982118,10.025706940874036,98.89958734525447,89.2709766162311,0.4138004867411387,98.76203576341128,88.30811554332875,49.38101788170564,0.8931029820076515
